company,store_id,gross_profit_gbp,revenue_gbp,units,age_16-24,age_25-34,age_35-44,age_45-54,age_55+,seg_Students,seg_Young Professionals,seg_Working Class,seg_Arts/Media,seg_Commuters,seg_Tourists,region,city_tier
WHSmith,WH-000,946.38,1743.71,160,0.12221777311129425,0.21789967173216282,0.2468432039684201,0.2221468429375489,0.19089250825057388,0.10331265253653721,0.1299656410005789,0.09463178040568512,0.298755972026073,0.19951337790157192,0.1738205761295538,West Midlands,Tier 2 (large town)
WHSmith,WH-001,836.98,1516.31,133,0.10487277384400635,0.17416486977160775,0.2023736119767972,0.21255884920333382,0.30602989520425483,0.30844263698868335,0.1869869080310927,0.23047235099342406,0.03219426688674574,0.23459780017821055,0.007306036921843712,London,Tier 3 (small town)
WHSmith,WH-002,345.86,616.66,57,0.14162734508134517,0.17427528960976923,0.20782694395948648,0.20283778305534364,0.27343263829405545,0.028889485691112427,0.4156207174261763,0.14547283864306115,0.03788215982761936,0.12412597288222191,0.24800882552980882,North East,Tier 3 (small town)
WHSmith,WH-003,1729.13,3092.53,278,0.1782600679350869,0.30057517164448533,0.19164713895068144,0.16294868871757073,0.16656893275217546,0.3447260073405131,0.08876070933855734,0.19545498175266282,0.08730164986792638,0.1872306368791219,0.09652601482121852,Yorkshire and the Humber,Tier 1 (major city)
WHSmith,WH-004,808.88,1463.6299999999999,134,0.13294133910955352,0.22473069428267678,0.2711518193109689,0.1602447771549755,0.2109313701418254,0.04645975796631892,0.08842348873177684,0.19389615460835155,0.17857796468655104,0.3298831886406424,0.16275944536635928,East of England,Tier 2 (large town)
WHSmith,WH-005,1132.58,2081.7400000000002,187,0.13163201613169948,0.2199897594313254,0.21677306376595215,0.20295911615449264,0.22864604451653023,0.05785398272788513,0.4295654803972517,0.07715834637576753,0.010689293018975558,0.09834997862997193,0.326382918850148,East Midlands,Tier 2 (large town)
WHSmith,WH-006,2580.28,4701.02,421,0.1749233141939988,0.2638492685281804,0.2080793653057887,0.193791885012264,0.15935616695976812,0.25425739163836997,0.05172737413696654,0.035638649829633176,0.3162889838951512,0.12514226271780232,0.2169453377820768,London,Tier 1 (major city)
WHSmith,WH-007,704.13,1239.48,107,0.1253081889720594,0.19378627200594192,0.1941905422517876,0.22779034445091606,0.258924652319295,0.197264711903615,0.15100765452206524,0.43245638123759156,0.08227782306390234,0.042136312979907,0.094857116292919,Yorkshire and the Humber,Tier 3 (small town)
WHSmith,WH-008,1118.89,2027.62,183,0.13840311617500822,0.2348287500432714,0.21105318178254365,0.20674128385050716,0.20897366814866963,0.1990293120414692,0.01435730666491027,0.05882847326035103,0.11102741776583881,0.527793120269053,0.08896436999837762,North West,Tier 2 (large town)
WHSmith,WH-009,1939.85,3509.7,315,0.17198118249939834,0.2859025258580302,0.17537830905018434,0.17663577970239241,0.19010220288999463,0.1277788280965618,0.36832404260518586,0.0927034574476862,0.2535045665438935,0.07497845496315973,0.0827106503435128,South East,Tier 1 (major city)
WHSmith,WH-010,995.33,1782.25,157,0.1679891955064773,0.20022070941651887,0.2496602655821603,0.1782684279558584,0.20386140153898513,0.5207547230015649,0.13087507624786965,0.06955927315083607,0.11192684012093682,0.14652658752379383,0.020357499954998717,South West,Tier 2 (large town)
WHSmith,WH-011,1973.85,3573.44,334,0.2038019373336694,0.25965260285135605,0.2222161443731638,0.15787275644469753,0.15645655899711328,0.1366155565481534,0.2556611415444612,0.31768124596913516,0.08845020620386661,0.13405412648235532,0.06753772325202839,Yorkshire and the Humber,Tier 1 (major city)
WHSmith,WH-012,798.8199999999999,1411.04,127,0.1310640284263406,0.19983102509266817,0.2317146007338506,0.20355469852248595,0.23383564722465475,0.5343139195171971,0.10895056413795866,0.045448539099489704,0.03096562361846597,0.11284710412973112,0.16747424949715758,South West,Tier 2 (large town)
WHSmith,WH-013,869.48,1556.8899999999999,141,0.19510566022258993,0.1996295487326884,0.2095347844597806,0.16473319206101233,0.23099681452392867,0.29654625975822607,0.025416774953000557,0.032706275863599095,0.18806387037037833,0.23955917168212398,0.21770764737267187,South East,Tier 2 (large town)
WHSmith,WH-014,1719.49,3145.09,287,0.1863117440035538,0.30076343548009316,0.18711519704055699,0.17009818015286055,0.15571144332293554,0.1575971151860995,0.13382596009698253,0.17364478911289177,0.1074353726948662,0.32263113538627797,0.10486562752288209,North West,Tier 1 (major city)
WHSmith,WH-015,818.92,1501.09,142,0.11258144084152977,0.2315973615112309,0.22195981249307223,0.2025929611059124,0.23126842404825457,0.012046910143297649,0.15849761023644024,0.13839360437283799,0.19219542514208404,0.23345700798450794,0.2654094421208321,East Midlands,Tier 2 (large town)
WHSmith,WH-016,1969.25,3535.53,315,0.15817629001645522,0.2858305606488434,0.2310310315838844,0.19593548951543294,0.12902662823538402,0.16080577409730007,0.17992963562014697,0.26446765654432824,0.16618826047793742,0.16961734733064285,0.058991325929644456,North East,Tier 1 (major city)
WHSmith,WH-017,1110.55,2036.5,184,0.16312434290508182,0.2579883247915256,0.20637901041198017,0.1887238539046174,0.18378446798679496,0.20915310874666115,0.12422748603203873,0.09086736268075081,0.12134493649668439,0.3250118567123738,0.12939524933149107,South East,Tier 2 (large town)
WHSmith,WH-018,1506.54,2712.12,247,0.15793091406635135,0.19213786253492238,0.23320594527115407,0.178379370046569,0.23834590808100312,0.340808071542411,0.15566866705603535,0.22138385411077457,0.1493919829105713,0.1001682303582744,0.032579194021933384,South East,Tier 2 (large town)
WHSmith,WH-019,1611.39,2907.42,260,0.14198500398075933,0.29162438395145995,0.25359370199926407,0.19650384129472118,0.11629306877379555,0.39761519002375506,0.12793055395057062,0.013798821284875145,0.05856228525693968,0.040513956580852994,0.36157919290300644,West Midlands,Tier 1 (major city)
WHSmith,WH-020,1120.6,2056.98,183,0.14361003588479632,0.19960213661917614,0.2422492508170213,0.21256658438947826,0.20197199228952803,0.265806801844644,0.05239259991420119,0.34083144653520386,0.12827331497436056,0.05873089460078381,0.15396494213080655,West Midlands,Tier 2 (large town)
WHSmith,WH-021,2188.75,3912.05,348,0.19739640698711017,0.27656260512917674,0.24079352288828726,0.18937123501947264,0.09587622997595324,0.48574238296785516,0.0967740710876597,0.12400871092484099,0.05021147044880598,0.01922128995112121,0.224042074619717,London,Tier 1 (major city)
WHSmith,WH-022,716.32,1285.46,120,0.112199254777938,0.16534622609541016,0.22507075303588644,0.2430122985002984,0.25437146759046697,0.07758293186767039,0.30678091377464634,0.40798942895588963,0.031283438954814405,0.06720967898150416,0.10915360746547498,North West,Tier 3 (small town)
WHSmith,WH-023,576.88,1042.97,92,0.08685755678412371,0.19602409061929396,0.18640108510299327,0.23303340528421346,0.2976838622093754,0.06861938926079596,0.18079696207223875,0.01892278795441926,0.1857583004393109,0.43288514814935863,0.11301741212387639,East of England,Tier 3 (small town)
WHSmith,WH-024,948.81,1703.17,161,0.15873936725739454,0.21456070592210622,0.22221559255760404,0.20222412397600145,0.20226021028689375,0.1583115893475463,0.08596042446569493,0.16422483199338783,0.0633172555787914,0.38399173162616856,0.14419416698841103,East of England,Tier 2 (large town)
WHSmith,WH-025,1894.34,3422.73,311,0.1776269027678305,0.30014882661373127,0.2213991678336644,0.16709239829647016,0.1337327044883037,0.19928542282390638,0.07796024784021047,0.1894222778726317,0.06858036321703348,0.2906064472817951,0.17414524096442285,West Midlands,Tier 1 (major city)
WHSmith,WH-026,1619.54,2936.33,265,0.18117269341344602,0.28691432240048664,0.22534952687408727,0.16762824932940243,0.1389352079825777,0.47582368661248253,0.04951663280440972,0.11016382900338086,0.19627723012036907,0.03681068740989364,0.13140793404946402,South West,Tier 1 (major city)
WHSmith,WH-027,1032.7,1837.66,165,0.17124377203988464,0.21520503294858462,0.20285635235865013,0.21393916895003687,0.1967556737028438,0.17364018270385195,0.24651769260091125,0.17236938591967296,0.155515626415319,0.045000606926761284,0.20695650543348348,North East,Tier 2 (large town)
WHSmith,WH-028,1077.76,1943.84,171,0.150491625645679,0.2054998082200689,0.24038797598597866,0.1856686828626327,0.21795190728564073,0.0965034980444498,0.21560706298649823,0.24521332738485255,0.1389881270228589,0.2549964017024588,0.048691582858881546,South East,Tier 2 (large town)
WHSmith,WH-029,450.6,831.19,69,0.10185847990384984,0.19657688166401505,0.2136184693560203,0.22591583962667208,0.26203032944944277,0.2533319062801946,0.34788274893986726,0.18799865204575825,0.08311957278344438,0.10310611768080148,0.024561002269934188,East of England,Tier 3 (small town)
WHSmith,WH-030,1430.69,2604.56,236,0.1813400786193378,0.2812091380974368,0.20907273466464066,0.16284531444822523,0.16553273417035944,0.2530245020366065,0.19001909665493172,0.045025392916678425,0.16093051065122463,0.1643316670025678,0.18666883073799084,West Midlands,Tier 1 (major city)
WHSmith,WH-031,575.79,1057.37,97,0.08254309692811829,0.17360875099019407,0.22347803889582774,0.2445174427803992,0.27585267040546074,0.1274922351597974,0.21536520162924436,0.07213077631404147,0.1544450793580896,0.24205456127371416,0.18851214626511312,South West,Tier 3 (small town)
WHSmith,WH-032,1062.8600000000001,1939.46,172,0.16377325881981056,0.23466462007073605,0.2015460032586862,0.16193812359106605,0.2380779942597012,0.20317589175908551,0.07135279264848256,0.12183299241440816,0.3554396380885742,0.08123522756179424,0.16696345752765532,North East,Tier 2 (large town)
WHSmith,WH-033,419.82,773.16,75,0.13445284851593356,0.1789513094286039,0.20406293932761135,0.20895386630959562,0.27357903641825565,0.15307913593945893,0.2689403840174106,0.1450813493660787,0.14022056261341984,0.2162602400083324,0.07641832805529951,London,Tier 3 (small town)
WHSmith,WH-034,625.28,1103.16,99,0.13224349088339968,0.17021404680939511,0.23082810560715583,0.1987257129945053,0.267988643705544,0.037942118330724244,0.107981412255697,0.1256409047264589,0.07260389895610356,0.6187612617026063,0.037070404028410095,Yorkshire and the Humber,Tier 3 (small town)
WHSmith,WH-035,1947.44,3484.67,320,0.16214075926417176,0.30057471596894036,0.21402500120202816,0.17361195625987128,0.1496475673049884,0.32596728220400895,0.052298295205508036,0.2449179248521912,0.06461882830608154,0.09656679260416315,0.2156308768280471,South East,Tier 1 (major city)
WHSmith,WH-036,1461.89,2675.56,246,0.17976473988834699,0.27253689917631835,0.22853944116354694,0.2111000168420809,0.10805890292970678,0.09149756313444933,0.07011717111274123,0.1182723649872049,0.19389442722319727,0.30155019931022786,0.22466827423217944,West Midlands,Tier 1 (major city)
WHSmith,WH-037,2142.16,3901.98,343,0.23290249744134894,0.29810195198997513,0.19136073014022195,0.15701761504795875,0.12061720538049535,0.2326227025327047,0.1288734342215097,0.2943319668090797,0.07011992839187786,0.2571169426729687,0.01693502537185949,South East,Tier 1 (major city)
WHSmith,WH-038,899.11,1623.68,145,0.1556703180146139,0.2234316014789348,0.2110377351336627,0.19599406960083524,0.2138662757719533,0.12301003034213327,0.2235370372437909,0.06155925835566054,0.14500005688250067,0.22919968335799598,0.21769393381791857,East of England,Tier 2 (large town)
WHSmith,WH-039,1951.53,3505.31,313,0.1680096000161126,0.28947503006730085,0.22745205471703706,0.17355255975475983,0.14151075544478967,0.04062363666105275,0.08934774519048856,0.08247692055226842,0.20764948203987177,0.37686998853992615,0.20303222701639223,East Midlands,Tier 1 (major city)
WHSmith,WH-040,612.05,1123.44,96,0.10417653070589386,0.16323681767140627,0.24513438727013262,0.21325545898021103,0.27419680537235613,0.14693053707820936,0.06470489911886236,0.43780686581588985,0.030748881764017428,0.29799969258759346,0.021809123635427655,North West,Tier 3 (small town)
WHSmith,WH-041,2340.41,4239.9,382,0.176557657494662,0.2993322601381936,0.19665283664897767,0.16610043188890428,0.16135681382926237,0.00804303325755016,0.06543102348312188,0.30961787219327785,0.32088072928175654,0.13244054652030776,0.16358679526398578,North East,Tier 1 (major city)
WHSmith,WH-042,996.11,1798.55,169,0.16958007395361935,0.23748040223945963,0.22064943570796752,0.16680391238113954,0.20548617571781405,0.21779513797577582,0.22262753683359265,0.1425790950076184,0.030471814066027277,0.10061634499456895,0.28591007112241695,South West,Tier 2 (large town)
WHSmith,WH-043,1461.6,2657.69,243,0.19101621747053613,0.2698809207341359,0.2166040093213318,0.16753968059038332,0.15495917188361294,0.4678294397958725,0.014367613124629511,0.19947275915907942,0.05421210223171095,0.22759203422546936,0.0365260514632382,South West,Tier 1 (major city)
WHSmith,WH-044,2294.96,4196.06,379,0.19269949148048923,0.2994436358414534,0.22408724840587416,0.127167546769706,0.1566020775024773,0.1044271406756798,0.2537460759213965,0.16464699985808198,0.11458078346806398,0.22744300327098432,0.13515599680579327,London,Tier 1 (major city)
WHSmith,WH-045,1675.03,3077.17,281,0.16593694239640094,0.27437982612808987,0.2520828222311053,0.1567538929335951,0.15084651631080895,0.2645355409790686,0.09175131359438875,0.15161647904568765,0.23620625674033166,0.24291720725955634,0.01297320238096692,North East,Tier 1 (major city)
WHSmith,WH-046,574.36,1046.3,93,0.11223157695292804,0.1600493331125427,0.18969866102303684,0.2589739091613052,0.27904651975018724,0.20308997321079506,0.2808769018864345,0.00715872881722374,0.16356924097538147,0.10327526029106204,0.24202989481910334,North East,Tier 3 (small town)
WHSmith,WH-047,983.89,1744.52,161,0.16222531704732962,0.23128363647530653,0.21817172955154673,0.20294345302671452,0.18537586389910243,0.006147796839454012,0.1393277591359011,0.3599817131030905,0.03459705165291267,0.1966259652523099,0.26331971401633164,Yorkshire and the Humber,Tier 2 (large town)
WHSmith,WH-048,1688.95,3052.04,280,0.1787551369071558,0.27225240549290763,0.24469065924101102,0.15358072953933735,0.15072106881958822,0.19804619671808454,0.1377935538799425,0.27215433682671114,0.17788846522816795,0.18605517856750506,0.028062268779588704,East Midlands,Tier 1 (major city)
WHSmith,WH-049,963.06,1790.64,170,0.16285736315280716,0.2066733787614788,0.18687901894189213,0.212297744743801,0.2312924944000209,0.15888957556768993,0.2506629665339173,0.20421074538082407,0.03806255900421941,0.1525845663037829,0.19558958720956643,North East,Tier 2 (large town)
WHSmith,WH-050,881.2,1589.44,148,0.17648544136783179,0.23477806754755537,0.21440922628693548,0.19009343722051925,0.18423382757715814,0.2408861509901399,0.06662261366515437,0.023782154601810344,0.3407946585439779,0.09943424788855976,0.22848017431035766,North East,Tier 2 (large town)
WHSmith,WH-051,1639.81,2948.81,267,0.14547269493040335,0.2795675630413411,0.2557383294982981,0.1643315457619749,0.15488986676798258,0.26127980967892867,0.05625830148338636,0.3280014518427821,0.19063460619855602,0.13255488966089726,0.03127094113544962,West Midlands,Tier 1 (major city)
WHSmith,WH-052,1003.14,1837.93,166,0.12012467914249501,0.20660581658515512,0.23258425722750434,0.22679100508788116,0.21389424195696433,0.1790141204490429,0.05460182601580895,0.26327749494065833,0.09345099557644469,0.334338373068105,0.07531718994994013,East of England,Tier 2 (large town)
WHSmith,WH-053,974.32,1768.48,158,0.15958251995489953,0.20187953330855593,0.21015622120430688,0.20023584636662814,0.2281458791656095,0.1598624789493512,0.022032942386701247,0.05620589015176112,0.063021766190518,0.14466101419798955,0.5542159081236788,West Midlands,Tier 2 (large town)
WHSmith,WH-054,1103.1,2008.94,186,0.1502210808525427,0.21063714256835375,0.21119263968675975,0.20641545026273916,0.22153368662960468,0.057798147683397146,0.008842078173578335,0.24977288383150653,0.3986448613302832,0.1876230058536121,0.09731902312762258,North West,Tier 2 (large town)
WHSmith,WH-055,1890.39,3429.34,303,0.17136055432552477,0.27938125589837587,0.23290120578975784,0.15989484076696167,0.15646214321937982,0.06177586929194867,0.05028069370799379,0.44243983831497546,0.004715668887253992,0.32989821803427777,0.11088971176355036,South West,Tier 1 (major city)
WHSmith,WH-056,1130.91,2061.27,196,0.14649809106782508,0.22416981084197515,0.21869659940327588,0.21139920659868527,0.1992362920882387,0.29659288319090016,0.07252866250205413,0.16953277629327823,0.12851428375080223,0.16218669375649544,0.17064470050646974,North West,Tier 2 (large town)
WHSmith,WH-057,1406.12,2555.54,236,0.1416005258665975,0.24846125749027395,0.20966139870606315,0.15938167343898454,0.2408951444980808,0.24573656781896971,0.0886615616180643,0.0822649454727909,0.1734605373530386,0.17620651368722018,0.23366987404991618,Yorkshire and the Humber,Tier 2 (large town)
WHSmith,WH-058,470.18,852.4200000000001,76,0.0866744317253875,0.19034076806597178,0.21047071311396523,0.2272787484888167,0.2852353386058587,0.21919350499213594,0.2967301175344474,0.22100772761673976,0.034558937543541245,0.05280275024212295,0.1757069620710127,West Midlands,Tier 3 (small town)
WHSmith,WH-059,979.48,1765.25,159,0.157201096488768,0.21161892590254164,0.17736187798956995,0.21599491316920996,0.23782318644991038,0.3086145305081133,0.09544907977844011,0.28578990783737956,0.03188307458515032,0.16409787866518724,0.11416552862572935,East Midlands,Tier 2 (large town)
WHSmith,WH-060,2050.21,3730.8,347,0.18325370820488066,0.2941472097937446,0.21258549409334504,0.16019182739418314,0.14982176051384644,0.07372554176830456,0.3653643793105246,0.04959345717194897,0.11965235268583098,0.2607559607007215,0.13090830836266945,South East,Tier 1 (major city)
WHSmith,WH-061,537.76,995.28,87,0.11965777016589413,0.1825222820184313,0.17384681995776274,0.24955345855196925,0.27441966930594264,0.16696088364756356,0.04443949658919297,0.13999037113889404,0.19807930388467107,0.3493112349571625,0.10121870978251604,North West,Tier 3 (small town)
WHSmith,WH-062,2066.81,3731.2599999999998,321,0.17090486756015663,0.2743577741612022,0.22787650785198543,0.19673654417034228,0.13012430625631352,0.05820073698153972,0.20458451356484753,0.039896925425261395,0.32465953423891847,0.21321605841754548,0.15944223137188746,Yorkshire and the Humber,Tier 1 (major city)
WHSmith,WH-063,1547.4,2767.63,251,0.2011148232610606,0.2712383330211205,0.1994088830821091,0.15926919222337993,0.16896876841233002,0.3565556675207781,0.10363866827297247,0.03739064738211151,0.09723511152967876,0.3296816664545183,0.07549823883994085,East Midlands,Tier 1 (major city)
WHSmith,WH-064,427.56,738.96,67,0.11283370316338155,0.19980783567753682,0.20654794845265456,0.20901741321087342,0.2717930994955537,0.2874038327452054,0.33967605861969064,0.14878035131464656,0.032042991283274466,0.1522759232156746,0.039820842821508246,North West,Tier 3 (small town)
WHSmith,WH-065,1152.28,2082.51,188,0.14109914989089162,0.229955073951884,0.20508446980896938,0.20040290925858262,0.2234583970896724,0.0803442393244817,0.14281526488845792,0.12609162702126692,0.12218715593246818,0.24091112439900278,0.28765058843432256,South East,Tier 2 (large town)
WHSmith,WH-066,631.8,1124.49,104,0.10704613160012556,0.183421884102823,0.1887433206165203,0.21978234420610315,0.301006319474428,0.22606167854156486,0.22827145503661017,0.14231831778239043,0.07290902881416797,0.22230518934242532,0.10813433048284136,Yorkshire and the Humber,Tier 3 (small town)
WHSmith,WH-067,931.51,1656.06,145,0.12326962733603442,0.21434561491463616,0.21980242514214404,0.21911250582017108,0.2234698267870143,0.28045749484747523,0.13160500459781393,0.13385856953008612,0.15398627392416897,0.21064445444087074,0.08944820265958511,North East,Tier 2 (large town)
WHSmith,WH-068,2035.73,3690.23,331,0.19716627662897454,0.23362346259734984,0.2370585855332414,0.17590523948465625,0.15624643575577804,0.28880347994386374,0.043445787401655174,0.14486300777711184,0.1485360092730373,0.05819432156441135,0.31615739403992055,West Midlands,Tier 1 (major city)
WHSmith,WH-069,746.92,1352.27,121,0.15949687115257133,0.21629895387386233,0.22075734818556197,0.18889602687037862,0.21455079991762563,0.2685555007668991,0.21881439336726707,0.060396089385116994,0.022514916407787283,0.4060537142393007,0.023665385833628694,East Midlands,Tier 2 (large town)
Waterstones,WA-000,1335.54,2398.46,211,0.1550230640635826,0.2199307938147913,0.22672130953844793,0.23074010745243148,0.16758472513074657,0.10998957382770565,0.026906522430906476,0.21567684252234878,0.1172047741734551,0.35678426976407907,0.173438017281505,London,Tier 2 (large town)
Waterstones,WA-001,759.12,1382.1200000000001,125,0.13215209690807997,0.21609936010701877,0.21599992024344422,0.20675887580927793,0.2289897469321791,0.037605515067006205,0.28415009216657994,0.047645299663622555,0.225453857900477,0.24573381597768432,0.15941141922463004,North West,Tier 2 (large town)
Waterstones,WA-002,987.22,1755.22,157,0.19170101705711715,0.2105672088831298,0.1754878717159642,0.22635591026447455,0.19588799207931432,0.2509146762887205,0.030897898213960766,0.029399454424371054,0.341761961649544,0.237996042799709,0.1090299666236948,West Midlands,Tier 2 (large town)
Waterstones,WA-003,1495.39,2702.4,243,0.1852946325726905,0.27002193087142623,0.22460316994004995,0.1667165270553843,0.15336373956044913,0.10589728335885454,0.21502317871597185,0.13953732199803495,0.17204945751553477,0.3295522131294504,0.03794054528215351,Yorkshire and the Humber,Tier 1 (major city)
Waterstones,WA-004,576.75,1047.1,95,0.07694330610362023,0.17464124527735742,0.22558930270912134,0.22486910049964337,0.29795704541025764,0.3503330053242695,0.1528546244671594,0.14152910526123738,0.21082558898460585,0.08770146674561918,0.05675620921710863,West Midlands,Tier 3 (small town)
Waterstones,WA-005,556.13,983.82,82,0.13473924549117874,0.21231577675909297,0.17066860443291476,0.22562530970248992,0.25665106361432377,0.28531574405063814,0.021410436804876917,0.10912464051449194,0.08095701563202039,0.2752645052388052,0.2279276577591674,East of England,Tier 3 (small town)
Waterstones,WA-006,858.22,1534.79,125,0.17558184628290308,0.2121397868934483,0.1895652449025606,0.22030131310017756,0.2024118088209103,0.2268286024827993,0.07607938638250707,0.3099713528561356,0.10878406221181872,0.18271085134753315,0.09562574471920621,West Midlands,Tier 2 (large town)
Waterstones,WA-007,462.18,835.8100000000001,74,0.14124883324067378,0.1826962142992965,0.18815030862561502,0.1997068426966117,0.2881978011378031,0.08465472871063812,0.517263890119046,0.04884277661708358,0.11253481011400412,0.15156785291483407,0.08513594152439403,South West,Tier 3 (small town)
Waterstones,WA-008,1302.2,2326.63,207,0.11969610355232894,0.20720401075015787,0.2559881643713409,0.19245846533424987,0.22465325599192237,0.1876888115020285,0.1436256572362741,0.0667368271737371,0.07769197084971724,0.23367259658357709,0.29058413665466604,South East,Tier 2 (large town)
Waterstones,WA-009,709.53,1279.1200000000001,108,0.11669484503739803,0.19308314219860456,0.19793089395253863,0.24376574290561884,0.24852537590583998,0.1378923025605669,0.03618882410644231,0.43196572470148037,0.04293601342779296,0.11218967982269606,0.23882745538102138,North West,Tier 3 (small town)
Waterstones,WA-010,1366.9,2451.14,214,0.16382253165266744,0.1941383712800582,0.2201283020466567,0.20772194685812462,0.214188848162493,0.18761759473961093,0.14945864915110624,0.19334376268177064,0.039423107049569896,0.2224957102405272,0.207661176137415,North West,Tier 2 (large town)
Waterstones,WA-011,2422.13,4345.48,373,0.19708760317125548,0.2663920160428637,0.21222837514723442,0.189729555649916,0.13456244998873032,0.06247011874514139,0.20319184480849772,0.22172165145390546,0.398160561944961,0.06168261818600446,0.05277320486148985,South East,Tier 1 (major city)
Waterstones,WA-012,623.42,1123.26,94,0.11976145122034937,0.1799603125246538,0.20247314663504767,0.2305078634650182,0.26729722615493096,0.26626675229500824,0.2202819758829561,0.22595619502416991,0.17851112722019982,0.07307947506410867,0.035904474513557355,Yorkshire and the Humber,Tier 3 (small town)
Waterstones,WA-013,1325.53,2355.62,205,0.14283206663363854,0.2067215351979131,0.22344777373813035,0.21128261595891312,0.21571600847140496,0.09770226191184872,0.3211035194789298,0.10564979671656101,0.25270152546325214,0.16087208513419804,0.061970811295210315,North West,Tier 2 (large town)
Waterstones,WA-014,1654.11,2939.41,247,0.1472509877664207,0.299299592008817,0.23902986111193414,0.1609571102518738,0.15346244886095434,0.11460954431970326,0.2281776814713657,0.041179499715679156,0.19003801284809288,0.033472217551752406,0.39252304409340666,North East,Tier 1 (major city)
Waterstones,WA-015,2210.3,3972.48,349,0.18766437883789258,0.27020774771842887,0.2126724309448703,0.1767299564969562,0.15272548600185198,0.35009469624086903,0.018756726391621938,0.08892565051873456,0.1065851064629331,0.23755680898029832,0.19808101140554304,South East,Tier 1 (major city)
Waterstones,WA-016,577.2,1019.1800000000001,92,0.13408164933720992,0.163359970700208,0.20990447741944898,0.19638952550499456,0.2962643770381386,0.0711456534860426,0.29099432829273963,0.10162204768416655,0.13234053626228243,0.1971997913734899,0.20669764290127898,Yorkshire and the Humber,Tier 3 (small town)
Waterstones,WA-017,1991.31,3586.32,307,0.17488517413044796,0.312830145488138,0.20280396981290513,0.1239543130268348,0.18552639754167416,0.6238479478434482,0.008887020994129632,0.07605885161479738,0.03888612030518003,0.15038420394645982,0.10193585529598488,East of England,Tier 1 (major city)
Waterstones,WA-018,885.7,1582.86,139,0.15165965117160807,0.23940833910071732,0.19105514066770024,0.2095037539842235,0.20837311507575088,0.3492243164455081,0.2738467812257869,0.12799022340949484,0.04248846695877669,0.19686586155099944,0.009584350409433971,East of England,Tier 2 (large town)
Waterstones,WA-019,889.83,1608.02,143,0.14547380021194503,0.2349969067874135,0.2407464046642336,0.18288688555693325,0.1958960027794746,0.23320764868193808,0.17214843004615485,0.03593946403445061,0.2196110910895741,0.17879473616771774,0.16029862998016461,North East,Tier 2 (large town)
Waterstones,WA-020,1804.69,3225.94,276,0.1897443464072908,0.2826821423043306,0.2368084578440048,0.15421650534532202,0.13654854809905187,0.1265143084664722,0.5054809011059188,0.12774232851543288,0.16545753122872087,0.007001474974393698,0.06780345570906143,North East,Tier 1 (major city)
Waterstones,WA-021,846.73,1504.43,138,0.13397476322732316,0.20670744114515055,0.22134324038134867,0.22778069441489576,0.21019386083128194,0.0765494492149736,0.42475568556777266,0.07308168870334568,0.18902152459844163,0.180308576663353,0.056283075252113526,South East,Tier 2 (large town)
Waterstones,WA-022,1178.29,2121.99,193,0.1539624112304325,0.20665673815967905,0.19931511921403813,0.2257008812241395,0.21436485017171078,0.04823472197543017,0.27897167327173195,0.02084316013816648,0.413042210755222,0.20734899957902342,0.031559234280425875,South West,Tier 2 (large town)
Waterstones,WA-023,1965.76,3496.96,308,0.17811752187861793,0.28607935796615663,0.21260840403728787,0.17260916926645656,0.15058554685148098,0.23324270352027157,0.016667998303001214,0.2603410651509786,0.04652060258266627,0.11419824516989194,0.3290293852731905,North East,Tier 1 (major city)
Waterstones,WA-024,845.22,1505.28,133,0.15028340617990385,0.21308002100254267,0.23215104347827104,0.20451762096092005,0.19996790837836242,0.27889794425612596,0.2007324119905997,0.14111318868665987,0.2059665378241519,0.16324009204261122,0.0100498251998514,East of England,Tier 2 (large town)
Waterstones,WA-025,1495.67,2674.3,223,0.13117860142538587,0.18362789714989985,0.23957790275800497,0.2215777273542322,0.22403787131247713,0.17932418599028765,0.12730617060015942,0.04441567630914433,0.15922868839034188,0.11445852534064041,0.3752667533694264,North West,Tier 2 (large town)
Waterstones,WA-026,1084.08,1973.92,177,0.1532350621412432,0.22947762004106162,0.22530424853416503,0.1998626092030219,0.1921204600805082,0.15133559998869114,0.0392614513526212,0.19700621741862762,0.16200658441234414,0.3181679874462517,0.13222215938146414,East Midlands,Tier 2 (large town)
Waterstones,WA-027,1802.13,3247.42,292,0.15215610299028134,0.2757119939783287,0.21871665404138257,0.18811843159326996,0.16529681739673754,0.19847410181987313,0.14514450180640415,0.15385921632153038,0.28753775418445465,0.10111121095082927,0.1138732149169083,West Midlands,Tier 1 (major city)
Waterstones,WA-028,841.67,1479.91,128,0.1588695076919345,0.20153131907415917,0.2149834275890406,0.23376640908853433,0.1908493365563313,0.010002431904918523,0.15154694770399488,0.14656629265873974,0.5415043225093157,0.0990977754233382,0.05128222979969306,Yorkshire and the Humber,Tier 2 (large town)
Waterstones,WA-029,1920.34,3427.0099999999998,296,0.19004131785475756,0.288636977497756,0.1943529152256452,0.18963262010380086,0.13733616931804035,0.26654596953535725,0.07581729722511737,0.4543823215590854,0.041023091392263164,0.04627813290209595,0.11595318738608064,South East,Tier 1 (major city)
Waterstones,WA-030,2006.0,3586.7,304,0.18890707611994365,0.2853175958726812,0.23080705394545456,0.1817077564152883,0.1132605176466323,0.2751186403573504,0.02805275365820004,0.1667758568609055,0.32275320402087526,0.09213752146462413,0.11516202363804466,North East,Tier 1 (major city)
Waterstones,WA-031,1071.14,1932.6,174,0.14135138215049733,0.2552705228552067,0.24087259550158796,0.1765350747841446,0.1859704247085634,0.1891682486653829,0.15181066003419716,0.19085492223089226,0.06252668588024819,0.050630980679755015,0.3550085025095245,South West,Tier 2 (large town)
Waterstones,WA-032,908.54,1629.24,141,0.11361024587217755,0.21129616541221724,0.23109280388991518,0.21462071288975498,0.22938007193593507,0.15344379695799634,0.28547788082166753,0.060152726697910906,0.026721567734968085,0.13383075526575922,0.34037327252169797,Yorkshire and the Humber,Tier 2 (large town)
Waterstones,WA-033,1594.67,2875.98,264,0.2232080293610344,0.2779847572021279,0.19621966472944602,0.17294966482497257,0.1296378838824192,0.05142124357963498,0.1455409555928732,0.18778214499486354,0.3164363122853928,0.23950148808698735,0.0593178554602481,East Midlands,Tier 1 (major city)
Waterstones,WA-034,1234.1,2181.57,188,0.14912151805433627,0.2041048988289225,0.21203715684712268,0.2325548537631812,0.20218157250643742,0.15795847797783893,0.10447177697157527,0.13400445283210988,0.3774700901095164,0.1490456102812499,0.07704959182770979,London,Tier 2 (large town)
Waterstones,WA-035,2631.8,4680.64,405,0.1838777431575253,0.2648699605760276,0.22153357421550146,0.1675661004301374,0.16215262162080826,0.23174564648864454,0.20909772251095393,0.2061123336025765,0.024117088811462708,0.22170198633960864,0.10722522224675374,London,Tier 1 (major city)
Waterstones,WA-036,960.97,1696.25,147,0.13045229639842426,0.24623386333920408,0.20449415234570664,0.19352309740982207,0.22529659050684286,0.26930335509050557,0.19021076801685516,0.05129251602001019,0.12195591991921345,0.205045069042714,0.16219237191070154,Yorkshire and the Humber,Tier 2 (large town)
Waterstones,WA-037,971.58,1730.38,148,0.16474867685327305,0.2029779341926607,0.20212798035313165,0.22539399850837177,0.20475141009256292,0.04457993222265023,0.2736919125968433,0.2162669591771489,0.3066088557750762,0.03750957975553564,0.12134276047274581,South East,Tier 2 (large town)
Waterstones,WA-038,872.05,1566.57,137,0.15123153430885122,0.22546410529628313,0.23115696306885505,0.20442558829572463,0.18772180903028599,0.19175254879346043,0.13819958452624637,0.2600462171102138,0.07360420277009651,0.19605636245572827,0.1403410843442547,North West,Tier 2 (large town)
Waterstones,WA-039,1442.47,2607.46,230,0.16922779716036102,0.28952132999535735,0.22325577666015164,0.14254480911527606,0.17545028706885388,0.13372147836869386,0.0632543291602668,0.18455403331603146,0.1639942785205746,0.23366233144686133,0.22081354918757198,East Midlands,Tier 1 (major city)
Waterstones,WA-040,1012.89,1820.92,159,0.11882296694649892,0.2343727868306712,0.1943591505062557,0.2211617392324419,0.23128335648413217,0.3041068433229404,0.14216523389432792,0.16872373506044627,0.1436592900232131,0.06724546431842093,0.17409943338065148,East of England,Tier 2 (large town)
Waterstones,WA-041,666.59,1202.61,101,0.13905277907293884,0.19338013720204025,0.20142274069581953,0.2041294789163899,0.26201486411281144,0.15341736956053673,0.10170974499035812,0.07779653336597558,0.3529279093684681,0.055627533701832814,0.2585209090128286,Yorkshire and the Humber,Tier 3 (small town)
Waterstones,WA-042,1199.68,2128.3,182,0.14819679337863748,0.22262987130981718,0.21098919421673215,0.22281123511134926,0.1953729059834639,0.40934559495751166,0.1445666352636098,0.2096273694148111,0.1708778730711077,0.04516462031423383,0.020417906978725756,South West,Tier 2 (large town)
Waterstones,WA-043,2068.99,3639.19,319,0.1671406416248718,0.2774996279457558,0.2501499820354399,0.14334929191111273,0.16186045648281977,0.22123992859337788,0.2232992991260783,0.18959871104536047,0.03993602953273049,0.250249729371664,0.07567630233078901,North West,Tier 1 (major city)
Waterstones,WA-044,2272.89,4084.43,355,0.18437616809881183,0.26692590602487415,0.19471058140693684,0.1830841274512353,0.17090321701814187,0.1780548088608569,0.2601265337697761,0.1608204404484134,0.18935347934056007,0.17128748588150047,0.0403572516988931,South East,Tier 1 (major city)
Waterstones,WA-045,921.27,1662.98,151,0.16462068344871691,0.2464783903594655,0.21175751488162853,0.17463841653104337,0.20250499477914566,0.16141365445860617,0.3008118958180739,0.16339735392598326,0.2227578388305209,0.058795132193675756,0.09282412477314006,West Midlands,Tier 2 (large town)
Waterstones,WA-046,1088.05,1960.58,172,0.19140896435013607,0.22506508022726582,0.2220622294223591,0.16314993574328088,0.19831379025695817,0.10905101621276678,0.328974558420737,0.29482610532404474,0.1489167524580401,0.11454757010704412,0.003683997477367157,West Midlands,Tier 2 (large town)
Waterstones,WA-047,1217.7,2169.9,192,0.13844352743625513,0.21919326405594547,0.2326374923632336,0.20841838999225026,0.20130732615231545,0.3079373471450901,0.1442904245238574,0.17056495481914205,0.25708576091257695,0.11749391738164706,0.0026275952176864716,North East,Tier 2 (large town)
Waterstones,WA-048,1134.93,2005.85,165,0.1381307133534092,0.23273828376668837,0.23511566562901975,0.18582484611460343,0.2081904911362792,0.09268544998016832,0.6670601196962996,0.12935631368381276,0.02065128253490848,0.06510222379878645,0.025144610306024252,South East,Tier 2 (large town)
Waterstones,WA-049,1121.48,2005.51,178,0.15155848488045207,0.2252228385577453,0.22623860853337563,0.17198557632286693,0.22499449170556013,0.06785275055939095,0.12855388125219436,0.09249298613113557,0.2538315397562559,0.36972645434644696,0.0875423879545763,East Midlands,Tier 2 (large town)
Waterstones,WA-050,2102.89,3778.77,329,0.2054271964909056,0.2998700872315494,0.18359909498115776,0.1422924324297232,0.16881118886666405,0.09634247587727404,0.15887803798058805,0.21713640055589634,0.15677339219557868,0.09868016110891989,0.27218953228174275,South East,Tier 1 (major city)
Waterstones,WA-051,1599.1200000000001,2840.86,244,0.19090621549616538,0.3098590924285638,0.23073250554991928,0.1311814582633242,0.1373207282620273,0.025566101639268694,0.0574279376774003,0.1868280089491545,0.3433935973838777,0.07867576169722852,0.3081085926530703,West Midlands,Tier 1 (major city)
Waterstones,WA-052,605.51,1063.47,96,0.13589472520233709,0.1981837725260274,0.19578596624599134,0.2046277016098763,0.2655078344157679,0.13250587256874716,0.05941637386033437,0.2251180238726684,0.4719029952479099,0.044220136144093876,0.0668365983062464,North East,Tier 3 (small town)
Waterstones,WA-053,2623.85,4687.34,393,0.1966291984940605,0.29463741921447073,0.1993248637557824,0.18059285512850307,0.1288156634071833,0.22775529389456306,0.04318269055085765,0.044412919442138495,0.20796724838851569,0.30466342556775045,0.1720184221561746,South East,Tier 1 (major city)
Waterstones,WA-054,463.62,837.33,77,0.13771269566789154,0.17331863591522859,0.20164020566897428,0.2205684158874319,0.2667600468604737,0.1432032239036368,0.14335388359196805,0.2418053827694131,0.14547641776425116,0.08646370684887712,0.23969738512185385,South West,Tier 3 (small town)
Waterstones,WA-055,1640.6200000000001,2941.93,268,0.15302530596176125,0.2562399995227684,0.1855430764746256,0.16781780857108297,0.23737380946976175,0.14625539478531355,0.028375220221330884,0.45103687218869765,0.16724873566688933,0.07980577823205025,0.12727799890571836,London,Tier 2 (large town)
Waterstones,WA-056,1056.99,1849.18,162,0.12965441194418229,0.22625874115611871,0.2154027915525783,0.1977222840070887,0.23096177134003204,0.17484662346856705,0.2099499269469646,0.05826540302927646,0.18910919223280928,0.1113922059030468,0.2564366484193359,South West,Tier 2 (large town)
Waterstones,WA-057,971.32,1731.72,145,0.16152628888707204,0.19513776272651545,0.2500077666489602,0.18948861216832907,0.20383956956912333,0.17650167363598177,0.1895685821316557,0.18964142215078378,0.16834816804934916,0.014269198476886956,0.2616709555553427,West Midlands,Tier 2 (large town)
Waterstones,WA-058,1814.79,3275.42,279,0.16774545686312212,0.28265684600823504,0.20439900488465407,0.16321703638891563,0.18198165585507312,0.0966009297679124,0.14421108873088442,0.06820090667374355,0.5650849103416911,0.04737970495754076,0.07852245952822777,North East,Tier 1 (major city)
Waterstones,WA-059,1182.63,2151.83,182,0.15503729805185248,0.18668685198510618,0.21831072644745664,0.2290858117242035,0.21087931179138128,0.2504128067280517,0.21060993086462687,0.20654247862402028,0.046021946375499945,0.20616526731175236,0.08024757009604881,South West,Tier 2 (large town)
Waterstones,WA-060,629.5699999999999,1124.43,105,0.13954188050333124,0.19180927532862627,0.1634152260811099,0.22781409883765133,0.27741951924928115,0.018775630621546965,0.17269665340409004,0.1411455447778335,0.44453957347204304,0.10500262154089034,0.11783997618359612,East of England,Tier 3 (small town)
Waterstones,WA-061,860.69,1530.98,139,0.1305148259004555,0.23069837841247023,0.20521532221686514,0.18982874560139362,0.24374272786881554,0.08381846509391858,0.19658409961532647,0.211947333869245,0.3518850722590533,0.09620416953551861,0.05956085962693825,North East,Tier 2 (large town)
Waterstones,WA-062,2119.1,3760.08,334,0.1815125308169855,0.287327425514139,0.21554252057086126,0.17675293571578815,0.13886458738222598,0.4155098284606078,0.20648350152120967,0.033134755963432676,0.20832230882382557,0.07918842068145521,0.057361184549469146,East Midlands,Tier 1 (major city)
Waterstones,WA-063,1388.07,2451.7,214,0.16981605800569494,0.2133161406953059,0.19246860159440013,0.20650747856609508,0.21789172113850394,0.35161713857413884,0.14247541061765137,0.08420406201159873,0.2662125692903746,0.11497155813888421,0.040519261367352184,North West,Tier 2 (large town)
Waterstones,WA-064,391.15,691.1800000000001,59,0.10756811512653665,0.18872176594304468,0.17357503725885925,0.2507805644678953,0.27935451720366405,0.15184952654449307,0.3732394077211661,0.06790896624091013,0.22752154872909236,0.08294906720270594,0.09653148356163224,South West,Tier 3 (small town)
Waterstones,WA-065,2256.44,4041.45,353,0.17325029269395284,0.3008347242139797,0.21644644542559646,0.1803439793360644,0.1291245583304066,0.08990598169642562,0.38802116525517005,0.04312419788415016,0.04457900804503204,0.19056142534034945,0.24380822177887246,London,Tier 1 (major city)
Waterstones,WA-066,602.31,1074.03,94,0.11643017022321434,0.17711729910488083,0.24243090406109175,0.1912603275573347,0.27276129905347835,0.4093283745220323,0.2036888157725454,0.16177791173889808,0.06999615075346836,0.027085401154686117,0.12812334605836995,West Midlands,Tier 3 (small town)
Waterstones,WA-067,2129.1,3792.23,328,0.1917186255674572,0.2856876799100791,0.21202774261724702,0.17397337990035555,0.1365925720048611,0.19214585302536466,0.22407220387852358,0.07112361512080854,0.4055695124500074,0.100555203628771,0.006533611896524928,East of England,Tier 1 (major city)
Waterstones,WA-068,963.62,1709.54,151,0.17705531825322163,0.20753232021516685,0.206331135903526,0.1966411623367602,0.21244006329132523,0.011395680039907952,0.15582356028413535,0.3251078920243864,0.13248811004788558,0.27978382846883976,0.09540092913484494,East Midlands,Tier 2 (large town)
Waterstones,WA-069,545.82,990.36,89,0.1289951501946646,0.1862691065579373,0.2009679500307853,0.23356309702349998,0.25020469619311286,0.362803670692773,0.17425309644280074,0.03600521046174973,0.09188400299592063,0.11220357453576074,0.22285044487099523,South West,Tier 3 (small town)
